{"name":"Microsoft Azure","targetUrl":"https://ms.portal.azure.com/microsoft.com","counter":false,"bounce":false,"width":1280,"height":800,"showMenuBar":false,"fastQuit":false,"userAgent":"Mozilla/5.0 (Macintosh; Intel Mac OS X 10_12_5) AppleWebKit/537.36 (KHTML, like Gecko) Chrome/61.0.3163.100 Safari/537.36","nativefierVersion":"7.6.7","ignoreCertificate":false,"disableGpu":false,"ignoreGpuBlacklist":false,"enableEs3Apis":false,"insecure":false,"flashPluginDir":null,"diskCacheSize":null,"fullScreen":false,"maximize":false,"zoom":1,"internalUrls":".*","singleInstance":false,"win32metadata":{},"tray":false,"basicAuthUsername":null,"basicAuthPassword":null,"alwaysOnTop":false,"titleBarStyle":null}